"Content Url","SEO Title","Meta Description","Content Type"
"https://yellowshopnnn.mybuckyshop.com/","YELLOW STOR LLC","YELLOW STOR LLC","SITE_PAGE"
"https://yellowshopnnn.mybuckyshop.com/query.html?keyword=Accessories","YELLOW STOR LLC","YELLOW STOR LLC","SITE_PAGE"
"https://yellowshopnnn.mybuckyshop.com/agreement/terms-service","YELLOW STOR LLC","YELLOW STOR LLC","SITE_PAGE"
"https://yellowshopnnn.mybuckyshop.com/query.html?keyword=Cool%20Toys","YELLOW STOR LLC","YELLOW STOR LLC","SITE_PAGE"
"https://yellowshopnnn.mybuckyshop.com/agreement/transport-policy","YELLOW STOR LLC","YELLOW STOR LLC","SITE_PAGE"
"https://yellowshopnnn.mybuckyshop.com/query.html?keyword=Sports%20Outdoors","YELLOW STOR LLC","YELLOW STOR LLC","SITE_PAGE"
"https://yellowshopnnn.mybuckyshop.com/agreement/privacy-policy","YELLOW STOR LLC","YELLOW STOR LLC","SITE_PAGE"
"https://yellowshopnnn.mybuckyshop.com/query.html?keyword=Shoes","YELLOW STOR LLC","YELLOW STOR LLC","SITE_PAGE"
"https://yellowshopnnn.mybuckyshop.com/pages/1878884831781380097.html","YELLOW STOR LLC","Help Center","SITE_PAGE"
"https://yellowshopnnn.mybuckyshop.com/cart.html","YELLOW STOR LLC","YELLOW STOR LLC","SITE_PAGE"
"https://yellowshopnnn.mybuckyshop.com/agreement/refund-policy","YELLOW STOR LLC","YELLOW STOR LLC","SITE_PAGE"
"https://yellowshopnnn.mybuckyshop.com/query.html?keyword=Electronics","YELLOW STOR LLC","YELLOW STOR LLC","SITE_PAGE"
"https://yellowshopnnn.mybuckyshop.com/pages/how-to-buy.html","YELLOW STOR LLC","How to Buy","SITE_PAGE"
"https://yellowshopnnn.mybuckyshop.com/index.html","YELLOW STOR LLC","YELLOW STOR LLC","SITE_PAGE"
"https://yellowshopnnn.mybuckyshop.com/passport.html","YELLOW STOR LLC","YELLOW STOR LLC","SITE_PAGE"
"https://yellowshopnnn.mybuckyshop.com/query.html?keyword=Home%20Furniture","YELLOW STOR LLC","YELLOW STOR LLC","SITE_PAGE"
